case,time_s,vstore_V
A,0.000,0.000000
A,0.600,0.395247
A,1.200,0.742682
A,1.800,1.048087
A,2.400,1.316548
A,3.000,1.552533
A,3.600,1.759971
A,4.200,1.942316
A,4.800,2.102602
A,5.400,2.243498
A,6.000,2.367350
A,6.600,2.476220
A,7.200,2.571920
A,7.800,2.656043
A,8.400,2.729990
A,9.000,2.794991
A,9.600,2.852130
A,10.200,2.902356
A,10.800,2.946506
A,11.400,2.985316
A,12.000,3.019431
A,12.600,3.049419
A,13.200,3.075779
A,13.800,3.098950
A,14.400,3.119319
A,15.000,3.137223
A,15.600,3.152962
A,16.200,3.166797
A,16.800,3.178958
A,17.400,3.189648
A,18.000,3.199044
A,18.600,3.207305
A,19.200,3.214565
A,19.800,3.220948
A,20.400,3.226558
A,21.000,3.231490
A,21.600,3.235825
A,22.200,3.239636
A,22.800,3.242986
A,23.400,3.245930
A,24.000,3.248519
A,24.600,3.250794
A,25.200,3.252794
A,25.800,3.254552
A,26.400,3.256097
A,27.000,3.257456
A,27.600,3.258650
A,28.200,3.259699
A,28.800,3.260622
A,29.400,3.261433
A,30.000,3.262146
A,30.600,3.262773
A,31.200,3.263324
A,31.800,3.263808
A,32.400,3.264234
A,33.000,3.264608
A,33.600,3.264937
A,34.200,3.265226
A,34.800,3.265480
A,35.400,3.265703
A,36.000,3.265900
A,36.600,3.266072
A,37.200,3.266224
A,37.800,3.266357
A,38.400,3.266475
A,39.000,3.266578
A,39.600,3.266668
A,40.200,3.266748
A,40.800,3.266818
A,41.400,3.266880
A,42.000,3.266934
A,42.600,3.266981
A,43.200,3.267023
A,43.800,3.267060
A,44.400,3.267092
A,45.000,3.267120
A,45.600,3.267145
A,46.200,3.267167
A,46.800,3.267187
A,47.400,3.267204
A,48.000,3.267218
A,48.600,3.267232
A,49.200,3.267243
A,49.800,3.267253
A,50.400,3.267262
A,51.000,3.267270
A,51.600,3.267277
A,52.200,3.267283
A,52.800,3.267288
A,53.400,3.267293
A,54.000,3.267297
A,54.600,3.267301
A,55.200,3.267304
A,55.800,3.267306
A,56.400,3.267309
A,57.000,3.267311
A,57.600,3.267313
A,58.200,3.267315
A,58.800,3.267316
A,59.400,3.267317
A,60.000,3.267319
B,0.000,0.000000
B,36.000,0.243236
B,72.000,0.468364
B,108.000,0.676733
B,144.000,0.869590
B,180.000,1.048089
B,216.000,1.213300
B,252.000,1.366212
B,288.000,1.507741
B,324.000,1.638733
B,360.000,1.759974
B,396.000,1.872189
B,432.000,1.976050
B,468.000,2.072179
B,504.000,2.161151
B,540.000,2.243501
B,576.000,2.319719
B,612.000,2.390264
B,648.000,2.455557
B,684.000,2.515989
B,720.000,2.571922
B,756.000,2.623692
B,792.000,2.671607
B,828.000,2.715956
B,864.000,2.757002
B,900.000,2.794993
B,936.000,2.830156
B,972.000,2.862701
B,1008.000,2.892824
B,1044.000,2.920704
B,1080.000,2.946508
B,1116.000,2.970391
B,1152.000,2.992497
B,1188.000,3.012956
B,1224.000,3.031893
B,1260.000,3.049420
B,1296.000,3.065642
B,1332.000,3.080656
B,1368.000,3.094553
B,1404.000,3.107415
B,1440.000,3.119320
B,1476.000,3.130338
B,1512.000,3.140536
B,1548.000,3.149975
B,1584.000,3.158711
B,1620.000,3.166797
B,1656.000,3.174281
B,1692.000,3.181208
B,1728.000,3.187619
B,1764.000,3.193553
B,1800.000,3.199045
B,1836.000,3.204128
B,1872.000,3.208833
B,1908.000,3.213188
B,1944.000,3.217218
B,1980.000,3.220948
B,2016.000,3.224401
B,2052.000,3.227597
B,2088.000,3.230554
B,2124.000,3.233292
B,2160.000,3.235826
B,2196.000,3.238171
B,2232.000,3.240341
B,2268.000,3.242350
B,2304.000,3.244209
B,2340.000,3.245930
B,2376.000,3.247523
B,2412.000,3.248998
B,2448.000,3.250362
B,2484.000,3.251625
B,2520.000,3.252794
B,2556.000,3.253876
B,2592.000,3.254877
B,2628.000,3.255804
B,2664.000,3.256662
B,2700.000,3.257456
B,2736.000,3.258191
B,2772.000,3.258871
B,2808.000,3.259500
B,2844.000,3.260083
B,2880.000,3.260622
B,2916.000,3.261121
B,2952.000,3.261583
B,2988.000,3.262011
B,3024.000,3.262407
B,3060.000,3.262773
B,3096.000,3.263112
B,3132.000,3.263426
B,3168.000,3.263716
B,3204.000,3.263985
B,3240.000,3.264234
B,3276.000,3.264464
B,3312.000,3.264677
B,3348.000,3.264874
B,3384.000,3.265057
B,3420.000,3.265226
B,3456.000,3.265382
B,3492.000,3.265527
B,3528.000,3.265661
B,3564.000,3.265785
B,3600.000,3.265900
